Date,Name
01-01,John
05-02,Alex
01-01,Sarah
14-07,Mike
05-02,Anna
01-01,Robert
19-12,Kate
14-07,Sam
19-12,Paul
15-03,Emma
23-04,Oliver
15-03,Isabella
14-07,Liam
19-12,Sophia
23-04,James
01-01,Alice
23-04,Henry
05-02,Eva
23-04,Lucas
16-08,Grace
17-09,Daniel
16-08,Chloe
11-11,David
05-05,Lily
07-07,Mason
09-09,Noah
12-12,Zoe
20-05,Charlotte
13-01,Mia
25-06,Elijah
25-06,Ethan
19-12,Michael
21-03,Abigail
11-11,Ava
14-02,Isla
01-01,Harper
02-02,Joshua
01-01,Jacob
18-04,Luna
20-05,Sebastian
05-02,Elena
09-09,Jack
19-12,Amelia
12-12,Sophie
13-07,Benjamin
15-10,Samuel
02-03,Hannah
12-12,Matthew
25-06,Logan
18-04,Scarlett
09-09,Victoria
16-08,Madison
14-07,Emily
07-07,Henry
18-08,Nathan
01-01,Julia
20-06,Layla
21-03,Penelope
16-08,Grace
19-12,George
12-12,Oliver
23-04,Eleanor
18-04,Ella
15-03,Stella
05-05,Lucas
11-11,Mila
05-02,Aiden
18-08,Levi
12-12,Evelyn
07-07,Hazel
25-06,Owen
23-04,Olivia
19-12,Theo
16-08,Emily
25-06,Madeline
14-02,Sienna
17-09,Ruby
01-01,Thomas
05-02,Liam
16-08,Zachary
09-09,Ellie
18-04,Sophia
13-07,Isaac
20-06,Harley
12-12,Aaron
17-09,Blake
15-03,Noah
11-11,Maya
25-06,Lucy
16-08,Adam
14-07,Ryan
02-02,Nora
14-02,Sarah
18-08,Grace
09-09,Dylan

